{"cameraMode":{"drawMode":0,"name":"Shaded","section":"Shading Mode"},"sceneLighting":true,"audioPlay":false,"sceneViewState":{"showFog":true,"showMaterialUpdate":false,"showSkybox":true,"showFlares":true,"showImageEffects":true,"showParticleSystems":true},"in2DMode":false,"pivot":{"x":17.314453125,"y":-1.18359375,"z":-16.045166015625},"rotation":{"x":0.009064375422894955,"y":0.9748874306678772,"z":-0.040380969643592837,"w":0.21881930530071259},"size":45.61198425292969,"orthographic":true}